{"cameraMode":{"drawMode":0,"name":"Shaded","section":"Shading Mode"},"sceneLighting":false,"audioPlay":false,"sceneViewState":{"showFog":false,"showMaterialUpdate":true,"showSkybox":false,"showFlares":true,"showImageEffects":true,"showParticleSystems":true},"in2DMode":false,"pivot":{"x":-3.4378764629364015,"y":-21.068344116210939,"z":-30.774871826171876},"rotation":{"x":0.009473281912505627,"y":0.92986661195755,"z":-0.36699068546295168,"w":0.02400263212621212},"size":53.41283416748047,"orthographic":false}