{"cameraMode":{"drawMode":0,"name":"Shaded","section":"Shading Mode"},"sceneLighting":false,"audioPlay":false,"sceneViewState":{"showFog":false,"showMaterialUpdate":true,"showSkybox":false,"showFlares":true,"showImageEffects":true,"showParticleSystems":true},"in2DMode":false,"pivot":{"x":12.449999809265137,"y":2.890000104904175,"z":-9.430000305175782},"rotation":{"x":-0.08371090888977051,"y":-0.7255527973175049,"z":0.08969578891992569,"w":-0.6771413087844849},"size":4.041658401489258,"orthographic":false}